pre,obj,F,CL_mom,CL_mom_match,x_H,x_L,x_E
1,9.49800120480781,0.01,0.2174913,0.33,0.0140480227383043,0.00184618017228514,0.0487626781609392
0,0.237844934251749,0.01,0.35753879,0.2725,0.0114781572708414,0.00151606555700257,0.0400265552744328
