Pre,JC_Incum,share_emp_ent,diff_exit,e_ARPL_L,CL50_top25,growth,age_p75,lnemp_sd,x_H,x_L,x_E,alpha,kappa,F,shape,a_c,obj,JC_Incum_match,share_emp_ent_match,diff_exit_match,e_ARPL_L_match,CL50_top25_match,growth_match,age_p75_match,lnemp_sd_match,CL_match_,CL_top25_match_,CL25_match_,CL25_top25_match_,CL50_match_,CL50_top25_match_,xi_H,xi_L,xi_E,Ev_high,Ev_low,Ev_ent,Ev_high_1,Ev_high_2,Ev_high_3,C_share,R_share,F_share
1,0.043398309,0.045556538,0.013209037,0.044387173,0.2174913,1.074,21,1.1196955,0.0140480227383043,0.00184618017228514,0.0487626781609392,0.0845959648505299,14.9999993706799,0.01,3.09606144526076,1,9.49800120480781,0.00754039913798438,0.0872512049098469,0.00436362639586875,-0.0535222789906937,0.33,1.03883138602533,30.305,2.35858508063309,0.0999375,0.33,0.0999375,0.33,0.0999375,0.33,0.252427509560865,0.0911444464958634,0.468579474161287,0.440932217020924,0.444471229327646,0.444171843166941,0.476654897124935,-5.98492753806761e-05,-0.00572197546120068,0.98741302311838,0.0115588518816198,0.001028125
0,0.069334358,0.040504698,0.025505278,0.022202898,0.35753879,1.074,22,1.2272998,0.0114781572708414,0.00151606555700257,0.0400265552744328,0.0845959648505299,14.9999993706799,0.01,3.09606144526076,1,35.8352237314953,0.0143911081435173,0.109593315017209,0.00346843697011805,-0.0959957654200358,0.2725,1.01874349286851,30.23875,2.06488960306655,0.0812708333333333,0.2725,0.0812708333333333,0.2725,0.0812708333333333,0.2725,0.252427509560865,0.0911444464958634,0.468579474161287,0.360270582348642,0.364995536178511,0.364595824150399,0.389945492522069,-0.000611759142804087,-0.00590581801606683,0.990504839084052,0.0086920359159484,0.000803125
